class,order,family,genus,species,phylum
Insecta,Hymenoptera,Formicidae,Adetomyrma,venatrix,Arthropoda
Insecta,Odonata,Gomphidae,Hemigomphus,theischingeri,Arthropoda
Insecta,Odonata,Platystictidae,Protosticta,sanguinostigma,Arthropoda
Insecta,Hymenoptera,Formicidae,Pheidole,elecebra,Arthropoda
Insecta,Coleoptera,Cerambycidae,Macrodontia,cervicornis,Arthropoda
Insecta,Hymenoptera,Formicidae,Pheidole,neokohli,Arthropoda
Insecta,Odonata,Coenagrionidae,Leptobasis,melinogaster,Arthropoda
Insecta,Hymenoptera,Formicidae,Polyergus,breviceps,Arthropoda
Insecta,Hymenoptera,Apidae,Bombus,dahlbomii,Arthropoda
Insecta,Lepidoptera,Papilionidae,Luehdorfia,japonica,Arthropoda
Insecta,Coleoptera,Lucanidae,Ceruchus,chrysomelinus,Arthropoda
Insecta,Hymenoptera,Formicidae,Polyergus,nigerrimus,Arthropoda
Insecta,Hymenoptera,Apidae,Bombus,morrisoni,Arthropoda
Branchiopoda,Notostraca,Triopsidae,Lepidurus,packardi,Arthropoda
Malacostraca,Decapoda,Palinuridae,Palinurus,elephas,Arthropoda
Insecta,Hymenoptera,Formicidae,Harpagoxenus,canadensis,Arthropoda
Insecta,Hymenoptera,Formicidae,Dorymyrmex,insanus,Arthropoda
Insecta,Phasmida,Pseudophasmatidae,Peruphasma,schultei,Arthropoda
Insecta,Coleoptera,Carabidae,Elaphrus,viridis,Arthropoda
Insecta,Hymenoptera,Apidae,Bombus,variabilis,Arthropoda
Insecta,Hymenoptera,Formicidae,Nothomyrmecia,macrops,Arthropoda
Insecta,Hymenoptera,Apidae,Bombus,mexicanus,Arthropoda
Insecta,Hymenoptera,Apidae,Bombus,crotchii,Arthropoda
Insecta,Odonata,Gomphidae,Ceratogomphus,triceraticus,Arthropoda
Insecta,Hymenoptera,Formicidae,Formica,lugubris,Arthropoda
Insecta,Lepidoptera,Nymphalidae,Parantica,nilgiriensis,Arthropoda
Arachnida,Araneae,Pisauridae,Dolomedes,plantarius,Arthropoda
Insecta,Coleoptera,Attelabidae,Trachelophorus,giraffa,Arthropoda
Arachnida,Araneae,Theraphosidae,Brachypelma,auratum,Arthropoda
Insecta,Coleoptera,Carabidae,Carabus,intricatus,Arthropoda
Insecta,Orthoptera,Tettigoniidae,Saga,pedo,Arthropoda
Insecta,Hymenoptera,Formicidae,Aneuretus,simoni,Arthropoda
Asteroidea,Forcipulatida,Asteriidae,Asterias,Asterias rubens,Echinodermata
Echinoidea,Clypeasteroida,Clypeasteridae,Clypeaster,Clypeaster subdepressus,Echinodermata
Ophiuroidea,Ophiurida,Ophiuridae,Ophiura,Ophiura ophiura,Echinodermata
Crinoidea,Comatulida,Antedonidae,Antedon,Antedon mediterranea,Echinodermata
Holothuroidea,Synallactida,Synallactidae,Parastichopus,Parastichopus californicus,Echinodermata
Echinoidea,Arbacioida,Arbaciidae,Arbacia,Arbacia punctulata,Echinodermata
Asteroidea,Valvatida,Asterinidae,Patiria,Patiria miniata,Echinodermata
Ophiuroidea,Ophiurida,Ophiothrichidae,Ophiothrix,Ophiothrix fragilis,Echinodermata
Holothuroidea,Dendrochirotida,Cucumariidae,Cucumaria,Cucumaria frondosa,Echinodermata
Asteroidea,Spinulosida,Asterinidae,Asterina,Asterina gibbosa,Echinodermata
Asteroidea,Velatida,Pterasteridae,Pteraster,Pteraster militaris,Echinodermata
Echinoidea,Diadematoida,Diadematidae,Diadema,Diadema setosum,Echinodermata
Ophiuroidea,Ophiacanthida,Ophiacanthidae,Ophiacantha,Ophiacantha bidentata,Echinodermata
Holothuroidea,Aspidochirotida,Holothuriidae,Holothuria,Holothuria edulis,Echinodermata
Asteroidea,Paxillosida,Luidiidae,Luidia,Luidia clathrata,Echinodermata
Echinoidea,Spatangoida,Brissidae,Brissus,Brissus unicolor,Echinodermata
Crinoidea,Cyrtocrinida,Bathycrinidae,Bathycrinus,Bathycrinus aldrichianus,Echinodermata
Ophiuroidea,Euryalida,Gorgonocephalidae,Gorgonocephalus,Gorgonocephalus eucnemis,Echinodermata
Bivalvia,Ostreoida,Ostreidae,Crassostrea,gigas,Mollusca
Bivalvia,Veneroida,Veneridae,Mercenaria,mercenaria,Mollusca
Gastropoda,Pulmonata,Limacidae,Limax,maximus,Mollusca
Gastropoda,Neogastropoda,Buccinidae,Busycon,carica,Mollusca
Bivalvia,Myida,Myidae,Mytilus,edulis,Mollusca
Cephalopoda,Octopoda,Octopodidae,Octopus,vulgaris,Mollusca
Gastropoda,Heterobranchia,Stylommatophora,Eobrachycera,muscosa,Mollusca
Bivalvia,Pteriida,Pteriidae,Pinctada,margaritifera,Mollusca
Gastropoda,Caenogastropoda,Fasciolariidae,Fasciolaria,tulipa,Mollusca
Gastropoda,Caenogastropoda,Cypraeidae,Cypraea,tigris,Mollusca
Cephalopoda,Decapodiformes,Loliginidae,Loligo,vulgaris,Mollusca
Gastropoda,Cerithioidea,Thiaridae,Thiara,granifera,Mollusca
Bivalvia,Veneroida,Donacidae,Donax,variabilis,Mollusca
Gastropoda,Basommatophora,Planorbidae,Planorbarius,corneus,Mollusca
Cephalopoda,Nautilida,Nautilidae,Nautilus,pompilius,Mollusca
Bivalvia,Pectinida,Pectinidae,Pecten,maximus,Mollusca
Gastropoda,Opisthobranchia,Aplysiidae,Aplysia,californica,Mollusca
Bivalvia,Cardiida,Cardiidae,Cardium,edule,Mollusca
Gastropoda,Caenogastropoda,Neritidae,Nerita,atramentosa,Mollusca
Aves,Anseriformes,Anatidae,Somateria,fischeri,Chordata
Chondrichthyes,Myliobatiformes,Myliobatidae,Myliobatis,aquila,Chordata
Aves,Charadriiformes,Charadriidae,Thinornis,cucullatus,Chordata
Reptilia,Testudines,Geoemydidae,Mauremys,reevesii,Chordata
Amphibia,Caudata,Plethodontidae,Desmognathus,imitator,Chordata
Aves,Passeriformes,Bombycillidae,Bombycilla,japonica,Chordata
Aves,Passeriformes,Thraupidae,Certhidea,olivacea,Chordata
Reptilia,Squamata,Diplodactylidae,Naultinus,stellatus,Chordata
Mammalia,Artiodactyla,Bovidae,Capra,sibirica,Chordata
Reptilia,Squamata,Dactyloidae,Anolis,monteverde,Chordata
Amphibia,Caudata,Salamandridae,Pleurodeles,waltl,Chordata
Aves,Otidiformes,Otididae,Eupodotis,caerulescens,Chordata
Amphibia,Caudata,Rhyacotritonidae,Rhyacotriton,cascadae,Chordata
Reptilia,Testudines,Carettochelyidae,Carettochelys,insculpta,Chordata
Mammalia,Primates,Cercopithecidae,Presbytis,melalophos,Chordata
Actinopterygii,Perciformes,Percidae,Etheostoma,lepidum,Chordata
Reptilia,Squamata,Phrynosomatidae,Urosaurus,auriculatus,Chordata
Actinopterygii,Labriformes,Labridae,Choerodon,schoenleinii,Chordata
Actinopterygii,Perciformes,Serranidae,Epinephelus,polyphekadion,Chordata
Aves,Galliformes,Phasianidae,Lophura,swinhoii,Chordata
Reptilia,Squamata,Colubridae,Ptyas,korros,Chordata
Aves,Charadriiformes,Laridae,Chlidonias,albostriatus,Chordata
Aves,Sphenisciformes,Spheniscidae,Eudyptes,moseleyi,Chordata
Aves,Bucerotiformes,Bucerotidae,Berenicornis,comatus,Chordata
Chondrichthyes,Lamniformes,Lamnidae,Lamna,nasus,Chordata
Aves,Anseriformes,Anatidae,Hymenolaimus,malacorhynchos,Chordata
Mammalia,Artiodactyla,Bovidae,Oryx,leucoryx,Chordata
Actinopterygii,Acipenseriformes,Acipenseridae,Scaphirhynchus,albus,Chordata
Amphibia,Anura,Rhacophoridae,Pseudophilautus,wynaadensis,Chordata
Chondrichthyes,Myliobatiformes,Gymnuridae,Gymnura,marmorata,Chordata
Reptilia,Testudines,Trionychidae,Trionyx,triunguis,Chordata
Mammalia,Primates,Atelidae,Brachyteles,hypoxanthus,Chordata
Aves,Psittaciformes,Psittacidae,Ognorhynchus,icterotis,Chordata
Amphibia,Caudata,Hynobiidae,Hynobius,quelpaertensis,Chordata
Aves,Charadriiformes,Recurvirostridae,Himantopus,novaezelandiae,Chordata
Mammalia,Primates,Callitrichidae,Callithrix,aurita,Chordata
Chondrichthyes,Carcharhiniformes,Carcharhinidae,Negaprion,brevirostris,Chordata
Mammalia,Primates,Cebidae,Sapajus,cay,Chordata
Aves,Bucerotiformes,Bucerotidae,Rhyticeros,narcondami,Chordata
Aves,Bucerotiformes,Bucerotidae,Anorrhinus,austeni,Chordata
Reptilia,Squamata,Agamidae,Ceratophora,tennentii,Chordata
Chondrichthyes,Hexanchiformes,Hexanchidae,Notorynchus,cepedianus,Chordata
Actinopterygii,Chaetodontiformes,Chaetodontidae,Chaetodon,rainfordi,Chordata
Reptilia,Squamata,Dactyloidae,Anolis,bitectus,Chordata
Aves,Bucerotiformes,Bucerotidae,Anthracoceros,coronatus,Chordata
Amphibia,Anura,Bufonidae,Atelopus,glyphus,Chordata
Mammalia,Lagomorpha,Leporidae,Sylvilagus,brasiliensis,Chordata
Actinopterygii,Spariformes,Sparidae,Stenotomus,chrysops,Chordata
Mammalia,Primates,Cercopithecidae,Macaca,thibetana,Chordata
Amphibia,Anura,Ranidae,Rana,sierrae,Chordata
Actinopterygii,Gadiformes,Merlucciidae,Merluccius,bilinearis,Chordata
Aves,Gruiformes,Rallidae,Fulica,alai,Chordata
Reptilia,Testudines,Emydidae,Graptemys,oculifera,Chordata
Reptilia,Squamata,Iguanidae,Ctenosaura,bakeri,Chordata
Reptilia,Squamata,Anguidae,Abronia,graminea,Chordata
Chondrichthyes,Rajiformes,Rajidae,Raja,asterias,Chordata
Amphibia,Anura,Rhinodermatidae,Rhinoderma,darwinii,Chordata
Mammalia,Primates,Hylobatidae,Hylobates,funereus,Chordata
Mammalia,Artiodactyla,Bovidae,Procapra,picticaudata,Chordata
Mammalia,Primates,Cercopithecidae,Allochrocebus,lhoesti,Chordata
Mammalia,Rodentia,Gliridae,Eliomys,quercinus,Chordata
Aves,Psittaciformes,Psittaculidae,Lathamus,discolor,Chordata
Mammalia,Carnivora,Hyaenidae,Hyaena,hyaena,Chordata
Amphibia,Caudata,Ambystomatidae,Ambystoma,mexicanum,Chordata
Chondrichthyes,Carcharhiniformes,Sphyrnidae,Sphyrna,tiburo,Chordata
Chondrichthyes,Rajiformes,Rajidae,Rostroraja,alba,Chordata
Amphibia,Caudata,Salamandridae,Triturus,pygmaeus,Chordata
Aves,Passeriformes,Motacillidae,Anthus,nilghiriensis,Chordata
Aves,Galliformes,Odontophoridae,Odontophorus,melanonotus,Chordata
Aves,Charadriiformes,Scolopacidae,Gallinago,media,Chordata
Aves,Pelecaniformes,Ardeidae,Botaurus,poiciloptilus,Chordata
Reptilia,Squamata,Anguidae,Abronia,deppii,Chordata
Mammalia,Pholidota,Manidae,Manis,javanica,Chordata
Mammalia,Primates,Hylobatidae,Hylobates,agilis,Chordata
Mammalia,Soricomorpha,Soricidae,Sorex,alpinus,Chordata
Mammalia,Artiodactyla,Giraffidae,Okapia,johnstoni,Chordata
Chondrichthyes,Lamniformes,Cetorhinidae,Cetorhinus,maximus,Chordata
Aves,Passeriformes,Paradisaeidae,Paradisaea,rubra,Chordata
Aves,Coraciiformes,Brachypteraciidae,Brachypteracias,leptosomus,Chordata
Aves,Passeriformes,Parulidae,Setophaga,kirtlandii,Chordata
Mammalia,Chiroptera,Vespertilionidae,Myotis,leibii,Chordata
Aves,Galliformes,Megapodiidae,Leipoa,ocellata,Chordata
Amphibia,Anura,Arthroleptidae,Leptopelis,vermiculatus,Chordata
Actinopterygii,Syngnathiformes,Syngnathidae,Hippocampus,reidi,Chordata
Mammalia,Carnivora,Ursidae,Tremarctos,ornatus,Chordata
Mammalia,Artiodactyla,Bovidae,Saiga,tatarica,Chordata
Mammalia,Artiodactyla,Bovidae,Oryx,dammah,Chordata
Aves,Passeriformes,Mimidae,Mimus,macdonaldi,Chordata
Amphibia,Anura,Bufonidae,Atelopus,certus,Chordata
Amphibia,Caudata,Salamandridae,Tylototriton,shanjing,Chordata
Mammalia,Primates,Cercopithecidae,Presbytis,thomasi,Chordata
Aves,Passeriformes,Muscicapidae,Copsychus,sechellarum,Chordata
Chondrichthyes,Rajiformes,Rajidae,Raja,undulata,Chordata
Amphibia,Caudata,Salamandridae,Neurergus,kaiseri,Chordata
Chondrichthyes,Myliobatiformes,Dasyatidae,Pateobatis,jenkinsii,Chordata
Aves,Mesitornithiformes,Mesitornithidae,Monias,benschi,Chordata
Reptilia,Testudines,Podocnemididae,Podocnemis,unifilis,Chordata
Reptilia,Squamata,Dactyloidae,Anolis,koopmani,Chordata
Mammalia,Cingulata,Dasypodidae,Priodontes,maximus,Chordata
Aves,Accipitriformes,Accipitridae,Haliaeetus,vociferoides,Chordata
Aves,Anseriformes,Anatidae,Neochen,jubata,Chordata
Mammalia,Primates,Cercopithecidae,Piliocolobus,tephrosceles,Chordata
Actinopterygii,Salmoniformes,Salmonidae,Salvelinus,confluentus,Chordata
Aves,Cuculiformes,Cuculidae,Phaenicophaeus,sumatranus,Chordata
Amphibia,Caudata,Cryptobranchidae,Andrias,davidianus,Chordata
Mammalia,Primates,Cheirogaleidae,Microcebus,rufus,Chordata
Chondrichthyes,Squaliformes,Somniosidae,Somniosus,microcephalus,Chordata
Reptilia,Squamata,Lacertidae,Iberolacerta,bonnali,Chordata
Reptilia,Testudines,Emydidae,Glyptemys,muhlenbergii,Chordata
Amphibia,Caudata,Rhyacotritonidae,Rhyacotriton,olympicus,Chordata
Amphibia,Caudata,Plethodontidae,Batrachoseps,wrighti,Chordata
Mammalia,Primates,Cercopithecidae,Cercopithecus,mona,Chordata
Aves,Anseriformes,Anatidae,Anser,canagicus,Chordata
Aves,Apodiformes,Trochilidae,Campylopterus,ensipennis,Chordata
Aves,Passeriformes,Pardalotidae,Pardalotus,quadragintus,Chordata
Aves,Psittaciformes,Psittaculidae,Neophema,chrysogaster,Chordata
Mammalia,Artiodactyla,Bovidae,Addax,nasomaculatus,Chordata
Mammalia,Primates,Callitrichidae,Saguinus,oedipus,Chordata
Reptilia,Testudines,Chelidae,Acanthochelys,macrocephala,Chordata
Chondrichthyes,Carcharhiniformes,Carcharhinidae,Carcharhinus,acronotus,Chordata
Reptilia,Testudines,Chelydridae,Macrochelys,temminckii,Chordata
Reptilia,Squamata,Dactyloidae,Anolis,marcanoi,Chordata
Mammalia,Carnivora,Mustelidae,Pteronura,brasiliensis,Chordata
Reptilia,Squamata,Lacertidae,Lacerta,schreiberi,Chordata
Actinopterygii,Lutjaniformes,Lutjanidae,Lutjanus,cyanopterus,Chordata
Aves,Psittaciformes,Strigopidae,Strigops,habroptila,Chordata
Amphibia,Caudata,Plethodontidae,Plethodon,shenandoah,Chordata
Mammalia,Rodentia,Cricetidae,Mesocricetus,auratus,Chordata
Actinopterygii,Siluriformes,Siluridae,Wallago,attu,Chordata
Aves,Charadriiformes,Burhinidae,Esacus,recurvirostris,Chordata
Amphibia,Caudata,Plethodontidae,Hydromantes,brunus,Chordata
Aves,Apodiformes,Trochilidae,Campylopterus,villaviscensio,Chordata
Chondrichthyes,Rhinopristiformes,Pristidae,Pristis,pectinata,Chordata
Aves,Accipitriformes,Accipitridae,Stephanoaetus,coronatus,Chordata
Amphibia,Anura,Dendrobatidae,Phyllobates,vittatus,Chordata
Mammalia,Primates,Cercopithecidae,Miopithecus,ogouensis,Chordata
Actinopterygii,Albuliformes,Albulidae,Albula,vulpes,Chordata
Aves,Piciformes,Ramphastidae,Andigena,laminirostris,Chordata
Aves,Procellariiformes,Diomedeidae,Phoebastria,irrorata,Chordata
Aves,Anseriformes,Anatidae,Branta,ruficollis,Chordata
Chondrichthyes,Carcharhiniformes,Sphyrnidae,Sphyrna,mokarran,Chordata
Mammalia,Diprotodontia,Vombatidae,Lasiorhinus,latifrons,Chordata
Mammalia,Perissodactyla,Equidae,Equus,zebra,Chordata
Mammalia,Primates,Atelidae,Ateles,paniscus,Chordata
Chondrichthyes,Squaliformes,Dalatiidae,Dalatias,licha,Chordata
Chondrichthyes,Carcharhiniformes,Carcharhinidae,Carcharhinus,albimarginatus,Chordata
Actinopterygii,Syngnathiformes,Syngnathidae,Hippocampus,spinosissimus,Chordata
Aves,Passeriformes,Vangidae,Euryceros,prevostii,Chordata
Mammalia,Cetacea,Delphinidae,Sousa,plumbea,Chordata
Chondrichthyes,Carcharhiniformes,Carcharhinidae,Carcharhinus,obscurus,Chordata
Aves,Passeriformes,Thraupidae,Sericossypha,albocristata,Chordata
Amphibia,Caudata,Salamandridae,Tylototriton,verrucosus,Chordata
Actinopterygii,Acipenseriformes,Acipenseridae,Acipenser,sturio,Chordata
Aves,Procellariiformes,Diomedeidae,Thalassarche,carteri,Chordata
Actinopterygii,Spariformes,Sparidae,Chrysoblephus,laticeps,Chordata
Chondrichthyes,Squaliformes,Squalidae,Squalus,acanthias,Chordata
Aves,Columbiformes,Columbidae,Starnoenas,cyanocephala,Chordata
Mammalia,Cetacea,Balaenopteridae,Balaenoptera,bonaerensis,Chordata
Reptilia,Squamata,Elapidae,Naja,siamensis,Chordata
Chondrichthyes,Carcharhiniformes,Carcharhinidae,Carcharhinus,falciformis,Chordata
Chondrichthyes,Myliobatiformes,Dasyatidae,Pateobatis,fai,Chordata
Reptilia,Squamata,Dactyloidae,Anolis,barbouri,Chordata
Aves,Ciconiiformes,Ciconiidae,Mycteria,cinerea,Chordata
Aves,Charadriiformes,Laridae,Pagophila,eburnea,Chordata
Mammalia,Cetacea,Delphinidae,Orcaella,brevirostris,Chordata
Mammalia,Carnivora,Otariidae,Callorhinus,ursinus,Chordata
Reptilia,Testudines,Cheloniidae,Lepidochelys,kempii,Chordata
Reptilia,Squamata,Pythonidae,Python,sebae,Chordata
Actinopterygii,Scombriformes,Scombridae,Scomberomorus,commerson,Chordata
Amphibia,Caudata,Plethodontidae,Eurycea,rathbuni,Chordata
Chondrichthyes,Carcharhiniformes,Carcharhinidae,Carcharhinus,melanopterus,Chordata
Reptilia,Testudines,Geoemydidae,Pangshura,tecta,Chordata
Mammalia,Artiodactyla,Bovidae,Hemitragus,jemlahicus,Chordata
Aves,Passeriformes,Fringillidae,Pyrrhula,murina,Chordata
Aves,Pelecaniformes,Balaenicipitidae,Balaeniceps,rex,Chordata
Aves,Galliformes,Cracidae,Penelope,ochrogaster,Chordata
Reptilia,Squamata,Dactyloidae,Anolis,macrolepis,Chordata
Reptilia,Crocodilia,Crocodylidae,Crocodylus,rhombifer,Chordata
Aves,Procellariiformes,Diomedeidae,Phoebastria,albatrus,Chordata
Chondrichthyes,Myliobatiformes,Dasyatidae,Taeniurops,meyeni,Chordata
Amphibia,Caudata,Salamandridae,Taricha,rivularis,Chordata
Reptilia,Squamata,Pythonidae,Python,regius,Chordata
Chondrichthyes,Squatiniformes,Squatinidae,Squatina,squatina,Chordata
Reptilia,Squamata,Colubridae,Thamnophis,gigas,Chordata
Mammalia,Primates,Atelidae,Alouatta,caraya,Chordata
Reptilia,Crocodilia,Crocodylidae,Crocodylus,palustris,Chordata
Amphibia,Anura,Bufonidae,Atelopus,flavescens,Chordata
Mammalia,Diprotodontia,Potoroidae,Bettongia,penicillata,Chordata
Amphibia,Anura,Phyllomedusidae,Agalychnis,lemur,Chordata
Aves,Procellariiformes,Procellariidae,Procellaria,aequinoctialis,Chordata
Reptilia,Squamata,Chamaeleonidae,Kinyongia,multituberculata,Chordata
Aves,Bucerotiformes,Bucerotidae,Rhyticeros,undulatus,Chordata
Aves,Passeriformes,Thraupidae,Gubernatrix,cristata,Chordata
Mammalia,Primates,Cebidae,Sapajus,nigritus,Chordata
Chondrichthyes,Myliobatiformes,Dasyatidae,Bathytoshia,centroura,Chordata
Aves,Charadriiformes,Burhinidae,Esacus,magnirostris,Chordata
Reptilia,Squamata,Viperidae,Bitis,nasicornis,Chordata
Aves,Galliformes,Cracidae,Pipile,pipile,Chordata
Aves,Charadriiformes,Laridae,Onychoprion,aleuticus,Chordata
Aves,Accipitriformes,Accipitridae,Harpia,harpyja,Chordata
Aves,Sphenisciformes,Spheniscidae,Spheniscus,mendiculus,Chordata
Aves,Passeriformes,Turdidae,Catharus,bicknelli,Chordata
Mammalia,Carnivora,Ursidae,Ailuropoda,melanoleuca,Chordata
Mammalia,Artiodactyla,Cervidae,Elaphurus,davidianus,Chordata
Aves,Charadriiformes,Charadriidae,Thinornis,novaeseelandiae,Chordata
Aves,Sphenisciformes,Spheniscidae,Eudyptes,chrysolophus,Chordata
Reptilia,Squamata,Diplodactylidae,Mokopirirakau,granulatus,Chordata
Aves,Procellariiformes,Diomedeidae,Phoebetria,palpebrata,Chordata
Mammalia,Primates,Atelidae,Ateles,hybridus,Chordata
Actinopterygii,Tetraodontiformes,Balistidae,Balistes,capriscus,Chordata
Reptilia,Squamata,Iguanidae,Cyclura,lewisi,Chordata
Reptilia,Squamata,Dactyloidae,Anolis,baracoae,Chordata
Mammalia,Lagomorpha,Leporidae,Sylvilagus,transitionalis,Chordata
Chondrichthyes,Myliobatiformes,Urolophidae,Urolophus,kapalensis,Chordata
Chondrichthyes,Carcharhiniformes,Carcharhinidae,Galeocerdo,cuvier,Chordata
Amphibia,Caudata,Plethodontidae,Bolitoglossa,hartwegi,Chordata
Amphibia,Caudata,Salamandridae,Paramesotriton,hongkongensis,Chordata
Chondrichthyes,Chimaeriformes,Callorhinchidae,Callorhinchus,callorynchus,Chordata
Reptilia,Squamata,Chamaeleonidae,Calumma,ambreense,Chordata
Amphibia,Anura,Ranidae,Rana,iberica,Chordata
Amphibia,Caudata,Ambystomatidae,Ambystoma,barbouri,Chordata
Reptilia,Squamata,Scincidae,Oligosoma,macgregori,Chordata
Reptilia,Testudines,Testudinidae,Centrochelys,sulcata,Chordata
Mammalia,Artiodactyla,Bovidae,Capricornis,sumatraensis,Chordata
Mammalia,Primates,Callitrichidae,Cebuella,pygmaea,Chordata
Actinopterygii,Tetraodontiformes,Balistidae,Balistes,vetula,Chordata
Reptilia,Squamata,Colubridae,Clonophis,kirtlandii,Chordata
Reptilia,Squamata,Iguanidae,Iguana,delicatissima,Chordata
Aves,Falconiformes,Falconidae,Falco,deiroleucus,Chordata
Aves,Psittaciformes,Psittacidae,Amazona,collaria,Chordata
Actinopterygii,Siluriformes,Pangasiidae,Pangasianodon,hypophthalmus,Chordata
Aves,Charadriiformes,Laridae,Larosterna,inca,Chordata
Mammalia,Chiroptera,Phyllostomidae,Choeronycteris,mexicana,Chordata
Mammalia,Primates,Aotidae,Aotus,griseimembra,Chordata
Mammalia,Primates,Cercopithecidae,Piliocolobus,kirkii,Chordata
Reptilia,Squamata,Dactyloidae,Anolis,luciae,Chordata
Aves,Ciconiiformes,Ciconiidae,Leptoptilos,javanicus,Chordata
Amphibia,Caudata,Plethodontidae,Plethodon,stormi,Chordata
Amphibia,Caudata,Plethodontidae,Desmognathus,aeneus,Chordata
Mammalia,Chiroptera,Vespertilionidae,Myotis,grisescens,Chordata
Actinopterygii,Chaetodontiformes,Chaetodontidae,Chaetodon,trifascialis,Chordata
Mammalia,Cetacea,Pontoporiidae,Pontoporia,blainvillei,Chordata
Aves,Procellariiformes,Diomedeidae,Thalassarche,chlororhynchos,Chordata
Aves,Charadriiformes,Scolopacidae,Numenius,tahitiensis,Chordata
Mammalia,Primates,Hominidae,Pongo,abelii,Chordata
Chondrichthyes,Lamniformes,Alopiidae,Alopias,pelagicus,Chordata
Aves,Sphenisciformes,Spheniscidae,Spheniscus,humboldti,Chordata
Aves,Pelecaniformes,Ardeidae,Egretta,vinaceigula,Chordata
Aves,Procellariiformes,Procellariidae,Puffinus,huttoni,Chordata
Aves,Passeriformes,Vireonidae,Vireo,atricapilla,Chordata
Mammalia,Carnivora,Otariidae,Arctocephalus,galapagoensis,Chordata
Aves,Passeriformes,Estrildidae,Stagonopleura,guttata,Chordata
Mammalia,Cetacea,Delphinidae,Tursiops,aduncus,Chordata
Aves,Psittaciformes,Psittacidae,Rhynchopsitta,pachyrhyncha,Chordata
Amphibia,Anura,Ranidae,Rana,pretiosa,Chordata
Reptilia,Testudines,Chelidae,Hydromedusa,maximiliani,Chordata
Amphibia,Anura,Bufonidae,Atelopus,zeteki,Chordata
Aves,Bucerotiformes,Bucerotidae,Aceros,nipalensis,Chordata
Mammalia,Primates,Cebidae,Cebus,unicolor,Chordata
Chondrichthyes,Orectolobiformes,Hemiscylliidae,Chiloscyllium,plagiosum,Chordata
Aves,Strigiformes,Strigidae,Athene,blewitti,Chordata
Aves,Falconiformes,Falconidae,Falco,jugger,Chordata
Mammalia,Primates,Atelidae,Alouatta,belzebul,Chordata
Mammalia,Primates,Cercopithecidae,Semnopithecus,johnii,Chordata
Reptilia,Squamata,Agamidae,Saara,hardwickii,Chordata
Actinopterygii,Acipenseriformes,Acipenseridae,Scaphirhynchus,platorynchus,Chordata
Aves,Ciconiiformes,Ciconiidae,Leptoptilos,dubius,Chordata
Chondrichthyes,Myliobatiformes,Myliobatidae,Myliobatis,freminvillei,Chordata
Chondrichthyes,Lamniformes,Alopiidae,Alopias,vulpinus,Chordata
Chondrichthyes,Hexanchiformes,Hexanchidae,Hexanchus,griseus,Chordata
Amphibia,Caudata,Salamandridae,Chioglossa,lusitanica,Chordata
Amphibia,Anura,Mantellidae,Mantella,aurantiaca,Chordata
Mammalia,Primates,Hylobatidae,Symphalangus,syndactylus,Chordata
Chondrichthyes,Myliobatiformes,Dasyatidae,Dasyatis,pastinaca,Chordata
Mammalia,Primates,Callitrichidae,Saguinus,leucopus,Chordata
Amphibia,Caudata,Plethodontidae,Bolitoglossa,helmrichi,Chordata
Mammalia,Primates,Lemuridae,Eulemur,fulvus,Chordata
Reptilia,Squamata,Dactyloidae,Anolis,bonairensis,Chordata
Actinopterygii,Pempheriformes,Polyprionidae,Stereolepis,gigas,Chordata
Mammalia,Pholidota,Manidae,Manis,crassicaudata,Chordata
Aves,Psittaciformes,Psittacidae,Amazona,vinacea,Chordata
Reptilia,Testudines,Testudinidae,Astrochelys,radiata,Chordata
Chondrichthyes,Carcharhiniformes,Sphyrnidae,Sphyrna,lewini,Chordata
Aves,Charadriiformes,Laridae,Rynchops,albicollis,Chordata
Mammalia,Primates,Lemuridae,Eulemur,rufus,Chordata
Actinopterygii,Cyprinodontiformes,Cyprinodontidae,Cyprinodon,macularius,Chordata
Aves,Psittaciformes,Cacatuidae,Cacatua,moluccensis,Chordata
Mammalia,Cetacea,Balaenidae,Eubalaena,glacialis,Chordata
Actinopterygii,Labriformes,Labridae,Lachnolaimus,maximus,Chordata
Aves,Anseriformes,Anatidae,Melanitta,fusca,Chordata
Reptilia,Crocodilia,Alligatoridae,Melanosuchus,niger,Chordata
Mammalia,Carnivora,Mustelidae,Aonyx,capensis,Chordata
Chondrichthyes,Carcharhiniformes,Carcharhinidae,Carcharhinus,amblyrhynchos,Chordata
Aves,Apodiformes,Trochilidae,Lophornis,chalybeus,Chordata
Actinopterygii,Cyprinodontiformes,Goodeidae,Zoogoneticus,tequila,Chordata
Anthozoa,Scleractinia,Pocilloporidae,Madracis,formosa,Cnidaria
Anthozoa,Scleractinia,Euphylliidae,Galaxea,astreata,Cnidaria
Anthozoa,Scleractinia,Agariciidae,Pavona,decussata,Cnidaria
Anthozoa,Scleractinia,Siderastreidae,Siderastrea,siderea,Cnidaria
Anthozoa,Scleractinia,Agariciidae,Agaricia,lamarcki,Cnidaria
Anthozoa,Scleractinia,Acroporidae,Acropora,florida,Cnidaria
Anthozoa,Scleractinia,Faviidae,Pseudodiploria,clivosa,Cnidaria
Anthozoa,Scleractinia,Merulinidae,Orbicella,annularis,Cnidaria
Anthozoa,Scleractinia,Fungiidae,Fungia,fungites,Cnidaria
Anthozoa,Scleractinia,Acroporidae,Montipora,capitata,Cnidaria
Anthozoa,Scleractinia,Lobophylliidae,Cynarina,lacrymalis,Cnidaria
Anthozoa,Scleractinia,Dendrophylliidae,Turbinaria,reniformis,Cnidaria
Anthozoa,Scleractinia,Acroporidae,Acropora,millepora,Cnidaria
Anthozoa,Scleractinia,Acroporidae,Acropora,acuminata,Cnidaria
Anthozoa,Scleractinia,Euphylliidae,Fimbriaphyllia,ancora,Cnidaria
Anthozoa,Scleractinia,Euphylliidae,Galaxea,fascicularis,Cnidaria
Anthozoa,Helioporacea,Helioporidae,Heliopora,coerulea,Cnidaria
Anthozoa,Scleractinia,Agariciidae,Agaricia,humilis,Cnidaria
Anthozoa,Scleractinia,Diploastraeidae,Diploastrea,heliopora,Cnidaria
Anthozoa,Scleractinia,Acroporidae,Acropora,cervicornis,Cnidaria
Anthozoa,Scleractinia,Agariciidae,Helioseris,cucullata,Cnidaria
Anthozoa,Scleractinia,Merulinidae,Hydnophora,exesa,Cnidaria
Anthozoa,Scleractinia,Acroporidae,Acropora,digitifera,Cnidaria
Anthozoa,Scleractinia,Faviidae,Pseudodiploria,strigosa,Cnidaria
Anthozoa,Scleractinia,Meandrinidae,Dichocoenia,stokesii,Cnidaria
Anthozoa,Scleractinia,Acroporidae,Acropora,echinata,Cnidaria
Anthozoa,Scleractinia,Pocilloporidae,Stylophora,pistillata,Cnidaria
Holothuroidea,Synallactida,Stichopodidae,Thelenota,ananas,Echinodermata
Holothuroidea,Synallactida,Stichopodidae,Stichopus,herrmanni,Echinodermata
Bivalvia,Unionida,Unionidae,Cyclonaias,tuberculata,Mollusca
Bivalvia,Unionida,Unionidae,Potamilus,amphichaenus,Mollusca
Gastropoda,Neogastropoda,Conidae,Conus,mercator,Mollusca
Gastropoda,Lepetellida,Haliotidae,Haliotis,roei,Mollusca
Bivalvia,Cardiida,Cardiidae,Tridacna,squamosa,Mollusca
Gastropoda,Stylommatophora,Zonitidae,Zonites,algirus,Mollusca
Bivalvia,Cardiida,Cardiidae,Tridacna,gigas,Mollusca
